{
  "feature_spec_sha256": "197afb67727de84179536dfa9ccadc5fc5ded5936ec963245852c8f585e35fca",
  "grouping": "homology cluster",
  "model_version": "kp-real-temporal-v1",
  "notes": [
    "All probability metrics use every held-out example.",
    "Called metrics exclude explicit no-call predictions.",
    "Per-group class-dependent metrics are null when a group has only one class.",
    "Results remain research-only and require laboratory confirmation."
  ],
  "overall": [
    {
      "auroc": 0.9861659231297186,
      "balanced_accuracy": 0.7792553191489362,
      "brier": 0.06222970241548391,
      "called_accuracy": 1.0,
      "called_balanced_accuracy": 1.0,
      "called_coverage": 0.1547029702970297,
      "called_n": 125,
      "drug": "meropenem",
      "f1": 0.7167235494880546,
      "n": 808,
      "no_call_rate": 0.8452970297029703,
      "no_call_reasons": "{\"known_marker_conflicts_with_model\": 660, \"out_of_distribution\": 82}",
      "pr_auc": 0.9662689352427405,
      "recall_resistant": 0.5585106382978723,
      "recall_susceptible": 1.0,
      "resistant": 188,
      "susceptible": 620
    },
    {
      "auroc": 0.9851854331235774,
      "balanced_accuracy": 0.9354665952604098,
      "brier": 0.04988561787828978,
      "called_accuracy": 0.8972222222222223,
      "called_balanced_accuracy": 0.6509433962264151,
      "called_coverage": 0.46571798188874514,
      "called_n": 360,
      "drug": "ciprofloxacin",
      "f1": 0.9375,
      "n": 773,
      "no_call_rate": 0.5342820181112549,
      "no_call_reasons": "{\"known_marker_conflicts_with_model\": 342, \"out_of_distribution\": 71}",
      "pr_auc": 0.9837911777613267,
      "recall_resistant": 0.974025974025974,
      "recall_susceptible": 0.8969072164948454,
      "resistant": 385,
      "susceptible": 388
    },
    {
      "auroc": 0.9681928003563379,
      "balanced_accuracy": 0.9034277268616626,
      "brier": 0.06478599843431937,
      "called_accuracy": 0.9821073558648111,
      "called_balanced_accuracy": 0.9801971783103859,
      "called_coverage": 0.6202219482120839,
      "called_n": 503,
      "drug": "gentamicin",
      "f1": 0.8875968992248062,
      "n": 811,
      "no_call_rate": 0.3797780517879161,
      "no_call_reasons": "{\"known_marker_conflicts_with_model\": 251, \"out_of_distribution\": 82}",
      "pr_auc": 0.9410202972786805,
      "recall_resistant": 0.8237410071942446,
      "recall_susceptible": 0.9831144465290806,
      "resistant": 278,
      "susceptible": 533
    },
    {
      "auroc": 0.9663529487344212,
      "balanced_accuracy": 0.9143774893999743,
      "brier": 0.0676414235158043,
      "called_accuracy": 0.9151193633952255,
      "called_balanced_accuracy": 0.7840966535234051,
      "called_coverage": 0.476010101010101,
      "called_n": 377,
      "drug": "ceftazidime",
      "f1": 0.92018779342723,
      "n": 792,
      "no_call_rate": 0.523989898989899,
      "no_call_reasons": "{\"known_marker_conflicts_with_model\": 327, \"out_of_distribution\": 90}",
      "pr_auc": 0.9679424198615807,
      "recall_resistant": 0.9116279069767442,
      "recall_susceptible": 0.9171270718232044,
      "resistant": 430,
      "susceptible": 362
    }
  ],
  "schema_version": 1,
  "split": "test"
}
