drug,n,resistant,susceptible,balanced_accuracy,recall_resistant,recall_susceptible,f1,auroc,pr_auc,brier,no_call_rate,called_coverage,called_n,called_accuracy,called_balanced_accuracy,no_call_reasons
meropenem,808,188,620,0.7792553191489362,0.5585106382978723,1.0,0.7167235494880546,0.9861659231297186,0.9662689352427405,0.06222970241548391,0.8452970297029703,0.1547029702970297,125,1.0,1.0,"{""known_marker_conflicts_with_model"": 660, ""out_of_distribution"": 82}"
ciprofloxacin,773,385,388,0.9354665952604098,0.974025974025974,0.8969072164948454,0.9375,0.9851854331235774,0.9837911777613267,0.04988561787828978,0.5342820181112549,0.46571798188874514,360,0.8972222222222223,0.6509433962264151,"{""known_marker_conflicts_with_model"": 342, ""out_of_distribution"": 71}"
gentamicin,811,278,533,0.9034277268616626,0.8237410071942446,0.9831144465290806,0.8875968992248062,0.9681928003563379,0.9410202972786805,0.06478599843431937,0.3797780517879161,0.6202219482120839,503,0.9821073558648111,0.9801971783103859,"{""known_marker_conflicts_with_model"": 251, ""out_of_distribution"": 82}"
ceftazidime,792,430,362,0.9143774893999743,0.9116279069767442,0.9171270718232044,0.92018779342723,0.9663529487344212,0.9679424198615807,0.0676414235158043,0.523989898989899,0.476010101010101,377,0.9151193633952255,0.7840966535234051,"{""known_marker_conflicts_with_model"": 327, ""out_of_distribution"": 90}"
