{
  "feature_spec_sha256": "197afb67727de84179536dfa9ccadc5fc5ded5936ec963245852c8f585e35fca",
  "grouping": "homology cluster",
  "model_version": "kp-real-grouped-v1",
  "notes": [
    "All probability metrics use every held-out example.",
    "Called metrics exclude explicit no-call predictions.",
    "Per-group class-dependent metrics are null when a group has only one class.",
    "Results remain research-only and require laboratory confirmation."
  ],
  "overall": [
    {
      "auroc": 0.9701413085559427,
      "balanced_accuracy": 0.936837011227255,
      "brier": 0.0416130988927612,
      "called_accuracy": 0.8848920863309353,
      "called_balanced_accuracy": 0.7142857142857143,
      "called_coverage": 0.2593283582089552,
      "called_n": 139,
      "drug": "meropenem",
      "f1": 0.8949416342412452,
      "n": 536,
      "no_call_rate": 0.7406716417910448,
      "no_call_reasons": "{\"known_marker_conflicts_with_model\": 393, \"out_of_distribution\": 5}",
      "pr_auc": 0.9362345388341835,
      "recall_resistant": 0.9126984126984127,
      "recall_susceptible": 0.9609756097560975,
      "resistant": 126,
      "susceptible": 410
    },
    {
      "auroc": 0.995286439448876,
      "balanced_accuracy": 0.9783810732414793,
      "brier": 0.020003886936692306,
      "called_accuracy": 0.9852507374631269,
      "called_balanced_accuracy": 0.8214285714285714,
      "called_coverage": 0.6360225140712945,
      "called_n": 339,
      "drug": "ciprofloxacin",
      "f1": 0.9836065573770492,
      "n": 533,
      "no_call_rate": 0.3639774859287055,
      "no_call_reasons": "{\"known_marker_conflicts_with_model\": 189, \"out_of_distribution\": 5}",
      "pr_auc": 0.997197889833805,
      "recall_resistant": 0.9821428571428571,
      "recall_susceptible": 0.9746192893401016,
      "resistant": 336,
      "susceptible": 197
    },
    {
      "auroc": 0.9670658682634731,
      "balanced_accuracy": 0.9347289248995272,
      "brier": 0.041262452232308545,
      "called_accuracy": 0.9761904761904762,
      "called_balanced_accuracy": 0.97577505407354,
      "called_coverage": 0.6245353159851301,
      "called_n": 336,
      "drug": "gentamicin",
      "f1": 0.9245283018867925,
      "n": 538,
      "no_call_rate": 0.3754646840148699,
      "no_call_reasons": "{\"known_marker_conflicts_with_model\": 197, \"out_of_distribution\": 5}",
      "pr_auc": 0.9574072793799199,
      "recall_resistant": 0.8802395209580839,
      "recall_susceptible": 0.9892183288409704,
      "resistant": 167,
      "susceptible": 371
    },
    {
      "auroc": 0.9757960413080895,
      "balanced_accuracy": 0.9347444723950749,
      "brier": 0.04714969035382453,
      "called_accuracy": 0.9616438356164384,
      "called_balanced_accuracy": 0.7277003910068426,
      "called_coverage": 0.6886792452830188,
      "called_n": 365,
      "drug": "ceftazidime",
      "f1": 0.9556786703601108,
      "n": 530,
      "no_call_rate": 0.3113207547169812,
      "no_call_reasons": "{\"known_marker_conflicts_with_model\": 160, \"out_of_distribution\": 5}",
      "pr_auc": 0.9877994504540413,
      "recall_resistant": 0.9478021978021978,
      "recall_susceptible": 0.9216867469879518,
      "resistant": 364,
      "susceptible": 166
    }
  ],
  "schema_version": 1,
  "split": "test"
}
