drug,n,resistant,susceptible,balanced_accuracy,recall_resistant,recall_susceptible,f1,auroc,pr_auc,brier,no_call_rate,called_coverage,called_n,called_accuracy,called_balanced_accuracy,no_call_reasons
meropenem,536,126,410,0.936837011227255,0.9126984126984127,0.9609756097560975,0.8949416342412452,0.9701413085559427,0.9362345388341835,0.0416130988927612,0.7406716417910448,0.2593283582089552,139,0.8848920863309353,0.7142857142857143,"{""known_marker_conflicts_with_model"": 393, ""out_of_distribution"": 5}"
ciprofloxacin,533,336,197,0.9783810732414793,0.9821428571428571,0.9746192893401016,0.9836065573770492,0.995286439448876,0.997197889833805,0.020003886936692306,0.3639774859287055,0.6360225140712945,339,0.9852507374631269,0.8214285714285714,"{""known_marker_conflicts_with_model"": 189, ""out_of_distribution"": 5}"
gentamicin,538,167,371,0.9347289248995272,0.8802395209580839,0.9892183288409704,0.9245283018867925,0.9670658682634731,0.9574072793799199,0.041262452232308545,0.3754646840148699,0.6245353159851301,336,0.9761904761904762,0.97577505407354,"{""known_marker_conflicts_with_model"": 197, ""out_of_distribution"": 5}"
ceftazidime,530,364,166,0.9347444723950749,0.9478021978021978,0.9216867469879518,0.9556786703601108,0.9757960413080895,0.9877994504540413,0.04714969035382453,0.3113207547169812,0.6886792452830188,365,0.9616438356164384,0.7277003910068426,"{""known_marker_conflicts_with_model"": 160, ""out_of_distribution"": 5}"
